{   
   "environmentVariables": {
    "sagemaker": 0,
    "gpu": 0,
    "n_jobs": 20,
    "saveAndReadBatchDataInDisc_notImplemented": 0,
    "description": "0 for no and 1 for yes - if parametr is boolean."
    },
    
    "modelSpecs": {
        "network": "keralaNet",
        "computeOutcomeResidualExplicitly": 0,
        "description": "e.g. keralaNet that also does some dense network. For model with no freezing of layers (vanila), use noFreezeKeralaNet which does not freeze any layer. Other networks architectures have to be implemented. computeOutcomeResidualExplicitly = 1 implies changing the second phase outcome variable to be residual of first stage, explicitly computed; 0 otherwise. If network is keralaNet and computeOutcomeResidualExplicitly is 1, treatment layers are frozen (not used) in first stage and in second phase all the layers are used (none is frozen)"
    },
    
    "dataProcessing": {
        "useLogOfOutcomeVariableForTraining_notImplemented": 0,
        "shuffleData": 1,
        "scalerForFeatures": "standard",
        "description": "useLogOfOutcomeVariableForTraining is not yet implemented. scalerForFeatures can be none, minmax, standard, normalizer, maxabs, robust,  quantileUniform, quantileNormal or power. This is not implemented as tunable parameter since we plan to process and reuse data prepared."
    },
    
    "cvSetup": {
        "test_fraction": 0.1,
        "valid_fraction": 0.27,
        "numSplitsForHyperparameters": 3,
        "ensemble": 1,
        "numSplitForGettingConfidenceIntervals": 1,
        "maxInstancesToComputeScalingParameters": 1000000,
        "maxSampleSize": 10000000,
        "description": "If numSplitForGettingConfidenceIntervals > 1 and valid_fraction = 0.0, hyperparameters would be tuned on test set if test_fraction > 0. Code assigns valid_fraction = test_fraction for tuning and resets back after tuning. If valid_fraction = 0.0 and numSplitForGettingConfidenceIntervals = 1, no tuning is done (First value of all parameter lists would be used in such case; except for epochs for which the lowest value is used.). If valid_fraction > 0 network is tuned regardless of value of numSplitForGettingConfidenceIntervals. numSplitForGettingConfidenceIntervals > 1 is not implemented for non-causal classification problems.  maxNumInstancesToComputeScalingParameters is used to compute parameters for scaling data. If training data is smaller than that given in maxSampleSize, full data is used. if ensemble is 0, parameters would be chosen based on average validation error across different splits; if ensemble is 1, parameters would be tuned for each split separately and the ensemble of models trained on each split would be used as final model."
    },

    "hyperParametersToTune": {
        "description": "Below, different configuration settings can be added as multiple dictionaries. Each element of each dictionary is a set of parameters with grid search defined in it. This is designed like this to do selective tuning. For instance, with number of regression layers = 50, we may not want to try with dimension of regression layers as high as 1000. Therefore, for example, the first dictionary will have numLayers as 50 and dimension as 100 or so. The second can have number of layers as 5 and dimension as 1000, etc. Each of the dictionary key below should start with parameters",
        
        "parameters_1": {  
          "numLayers": {
            "numFeatureOnlyLayers": [0],
            "description_numFeatureOnlyLayers": "Number of layers for features before concatenating with treatment layers. The weights for these layers are only learned in first stage and not in second stage - but used in forward pass of second stage.",
            "numTreatmentOnlyLayers": [0],
            "description_numTreatmentOnlyLayers": "Number of treatment layers before concatenating with feature layers. The weights for these layers are only learned in second stage. Weights for these layers are not learned or used in first stage. Since some of the hyper-parameters are not intented to be used in this layer, it is recommended to keep as 0.",              
            "numConcatenationLayers": [1],
            "description_numConcatenationLayers": "Concatenation layer adds feature layers and treatment layers. The number of concatenation layers is 1 and changing it won't have any effect.",              
            "numRegressionLayers": [10],
            "description_numRegressionLayers": "Input to each regression layer is the previous regression layer + concatenationLayer. This is a logic similar to dense net. Since these layers do not have any information about whether its inputs are coming from treatment variables or feature variables, it is ok to apply a wide range of hyper parameters to these layers. Supported upto 15 layers - this limitation is due to limitations of libray.",              
            "type": "integer",
            "description": "Multiple values in the list will be used in cross-validation for hyper-parameter tuning. The network structure is only tuned in first phase. In cases where the features are fewer than the number of treatments, it is suggested to write wrapper to try different configuration to choose the best network based on second phase error metrics."
         },

         "dimLayers": {
            "dimFeatureOnlyLayers": [],
            "dimTreatmentOnlyLayers": [],
            "dimConcatenationLayers": [],
            "dimRegressionLayers": [1024],
            "type": "integer",
            "description": "Dimensions for each group of layers. Multiple values in the list will be used in cross-validation for hyper-parameter tuning.  The network structure is only tuned in first phase. In cases where the features are fewer than the number of treatments, it is suggested to write wrapper to try different configuration to choose the best network based on second phase error metrics. Same value is used for all layers in the type of layer. The dimConcatenationLayers will assume its value from dimRegressionLayers (specifying dimConcatenationLayers does not have any effect). The last layer (if any) in feature only and treatment layers will assume dimConcatenationLayers to make the concatenation possible (otherwise gluon raises an exception)."
          
          },

          "weightInitializerToUse": {
            "value": ["xavier"],
            "sigma": [0.0001],
            "scale": [0.07],
            "constant": [0.5],
            "magnitude": [0.01, 0.05],      
            "description": "Weight initializer to use. Options are: uniform, normal, zero, one, constant, xavier. Multiple values in list would be cross validated. These values are only tuned in first phase."
          },        

          "activationFunction": {
            "value": ["Swish"],
            "beta": [1],
            "description": "Only Swish, sigmoid and tanh are supported in current implementation, since weight freezing is not proper with Relu. Changing this parameter requires inspecting the weights before and after freezing and confirm it is performing as expected. Both activation function name and Beta value can be lists telling the script to cross validate. These values are only tuned in first phase."
          },      

          "learningRate_phase_1": {
            "value": [0.0001, 0.0005],
            "scheduleType": ["none"],
            "min_lr": [0.0001],
            "max_lr": [0.0004],
            "cycle_length": [5000],              
            "inc_fraction": [0.05],
            "description": "Learning rate. If schedulerType is only none, fixed learning rate is used with value specified. Multiple values should be entered in list if need to crossvalidate and tune. If scheduler type is triangular or cosine, adjusted learning rate is used - appropriate parameters are used if schedulerType is specified as triangular. If lrate value is more than one in list, cross validation is performed."
          },

          "learningRate_phase_2": {
            "value": [0.0001, 0.0005],
            "scheduleType": ["none"],
            "min_lr": [0.0001],
            "max_lr": [0.0004],
            "cycle_length": [5000],              
            "inc_fraction": [0.5],
            "description": "Learning rate. If schedulerType is only none, fixed learning rate is used with value specified. Multiple values should be entered in list if need to crossvalidate and tune. If scheduler type is triangular or cosine, adjusted learning rate is used - appropriate parameters are used if schedulerType is specified as triangular. If lrate value is more than one in list, cross validation is performed."
          },

          "batchNormalization": {
            "apply" : [0],
            "momentum": [0.9],        
            "type": "boolean",
            "description": "Whether to use batch normalization or not. Passing [0,1] would cross validate. These values are only tuned in first phase."
          },

          "dropoutRateRegression": {
            "value": [0],
            "type": "float",
            "description": "Same value assumed for all regresisn layers (dropout for other layers not recommended). Multiple values in the list will be used in cross-validation for hyper-parameter tuning. These values are only tuned in first phase."
          },

          "loss": {
            "value": ["l2"],
            "type": "string",
            "description": "Which loss function to use (l1, l2, log, wlog (weighted log), sigmoid, softmax, kldiv, huber, hinge, hinge2). Multiple values in the list will be used in cross-validation for hyper-parameter tuning. These values are only tuned in first phase. For classification problem, use sigmoid"
          },

          "epochs": {
            "phase_1": [50, 100, 150, 200, 250, 300, 350, 400, 450, 500, 550, 600, 650, 700, 750, 800, 850, 900, 950],   
            "phase_2": [50, 100, 150, 200, 250, 300, 350, 400, 450, 500, 550, 600, 650, 700, 750, 800, 850, 900, 950, 1000, 1050, 1100, 1150, 1200, 1250],      
            "type": "integer",
            "description": "Number of epochss. Multiple values in list enables cross validation. Add phase_3 or more if needed - need to implement the code for >2 phases. The code sorts the list so that next epoch is warm started from previous epoch model. Early stopping logic is not implemented - trying to explore more to come out of any local optima"
          },

          "dataBatch": {
            "value": [60],
            "type": "integer",
            "description": "Batch size. Batchsize would be decremented automatically if the datasize is small (considering both train, test and validation). Multiple values in list enables cross validation. These values are only tuned in first phase."
          },

          "optimizer": {
            "value": ["Adam"],
            "type": "string",
            "description": "Which optimizer to use (sgd, nag, rmsprop, adam, adagrad, adadelta, adamax, nadam, dcasgd, sgld, signum, ftml, lbsgd, ftrl). Multiple values in list enables cross validation. These values are only tuned in first phase."
          },

          "weightDecay": {
            "phase_1": [0, 0.001, 0.0001, 0.0005],  
            "phase_2": [0, 0.001, 0.0001, 0.0005],          
            "type": "float",
            "description": "Whether to penalize weights. Multiple values in list enables cross validation"
          }
        }
    }
}
