{
  "s3Paths":{
  	"s3bucket": "",
  	"s3dataFilePath": "", 
  	"s3headerFilePath": "header.csv",
    "s3scoringDataFilePath": "", 
  	"s3scoringDataHeaderFilePath": "",
    "description_s3headerFilePath": "If header is included in data or in the same folder, s3headerFilePath can be empty.",
    "s3ResultsPath": "",
    "accessKey": "",
	"encryptionKey": "",
    "description": "All paths can have placeholders that will be passed as argument from command line. Please note the placeholder names should be in the format ${xxx}, where --xxx is the argument name in command line (please note the argumnet keyword should have preceeding --). These placeholders are not hard coded. Enter whatever string inside the ${} and give that as command line argument with preceeding --. Scoring paths are for data for scoring after the model is built (target variable is optional in scoring data)"
  },     
  
  "localPaths":{
  	"basePath": "runs/",
    "dataDirectoryName": "data",
    "resultsDirectoryName": "results",
    "modelArtifactsBaseDirectoryName": "modelArtifacts",
    "dataFileName": ["ihdp_npci_${fileNum}.csv"],
  	"headerFileName": "header.csv",
    "scoringDataFileName": [],
  	"scoringHeaderFileName": "header.csv",
    "sep": "\t",
    "fileType": "text",
  	"overwriteData": 0,
    "overWriteResults": 1,
    "cleanUpLocalData": 0,
    "description": "Both dataFileName (list) and headerFileName can be regex. If headerFileName is given as empty string, the code assumes the first line of data as header. Having header as separate file is recommended when the data is in part files. runTag (passed as command line argument) can include timestamp also. Raw data directory would be created as basepath + dataDirectoryName + 'raw'. Processed data directory would be created as basepath + dataDirectoryName + 'processed' (saving processed data is not implemented). fileType can be text or h5 or numpy - currently only text is implemented"
  },


  
  "dataInstance": {
  	"id": [],
    "instanceWeight": "",
  	"type": "list of strings",
  	"description": "id is the column name or names that identify each training record. These are not used in any modeling step and is optional (provide empty list). instanceWeight refers to the column that has the weight for a particular record. Add any other useful information like date, month, marketplace, etc. here. Regex expected here"
  },
    
    "timestepIndex": {
       "delimiter": "",
       "index": -1,
       "type": "string or integer",
       "description": "not implemented. leave as is"
  },
 
  "features": {
  	"numericFeatures": ["^x.*"],
    "categoricalFeatures": [],
    "featuresToDoBinning_notImplemented":{
        "featureName": {
            "binningLogic": [],
            "numQuantileBins": -1
        }
    },
  	"type": "list of strings",
  	"description": "List of feature names (full list or regex) to be used, comma separated. All features mentioned in numericFeatures and  categoricalFeatures will be read, then excludeColumns (specified below) are filtered out. categoricalFeatures would be transformed into one hot encoded binary features. New feature names for one hot encoded features would be <oldFeatureName>_<uniqueValue>. featuresToDoBinning (not implemented yet) would be binned based on threshold values given; include 0 also - here featureName is the feature name or regex in the header; include as many blocks as required. If binningLogic is empty, and numQuantileBins > 0, quantile binning is performed. New feature names would be <oldFeatureName>_binNum. "
  },
  
  "interventions": {
  	"interventions": [["treatment"]],
    "interventionConjunctions":[],
    "interventionDisjunctions":[],
    "incrementVaue": 0,
    "treatmentEffectOnTreatedOnly": 0,
  	"description": "Interventions are specified as nested lists for each phase of freezing. Will be considered in the order given. Currently this is not implemented in code - code uses the list in first index only; so keep the two level list structure. IncrementVaue says how to commpute the baseline for treated. If incrementVaue is 0, y_1 and y_0 for treatment is computed by setting the intervention as actualValue and 0, respectively. If incrementVaue <0, y_1 for treatment is computed by setting intervention as actualValue and y_0 is computed as actualValue - incrementVaue. If incrementVaue >0, y_1 for treatment is computed by setting intervention as actualValue + incrementVaue and y_0 is computed as actualValue. If any instance gets intervention after adjustment to be less than 0, the code sets it to 0. treatmentEffectOnTreatedOnly = 0 and incrementValue == 0, prediction as treatment for all customers would be done by setting the treatment value to 1 and prediction as control as setting the value to 0. interventionConjunctions and interventionDisjunctions instructs the code to compute treatment effect of conjunctions and/or disjunctions of interventions, in addition to single interventions. Conjunction of A and B => instances where both A and B > 0 are treatments and disjuction of A and B => instances where either A or B > 0 are treatments. For interventionConjunctions or interventionDisjunctions, incrementVaue is assumed to be 0 and treatmentEffectOnTreatedOnly = 1. Also conjunctions and disjunctions are not implemented for modelingIterator"
  },
  
   "targets": {
        "binaryTargetNames" : [],
        "continuousTargetNames" : ["y_factual"],
        "description" : "If the binary outcome has to be calculated based on regression equation (non probability), include in targetNamesForContinousOutcomes. Either of these can be empty lists. For binary outcomes for causal analysis, it is preferred to consider as continuous for causal estimates, since the sigmoid function is biased towards extreme probabilities."
    },
      
   "actualTreatmentEffects": {
       "treatment" : {"y_factual" : "te_mu"},
       "description_syntaxExpected" : "interventionName : {^outcomeVariableName$: ^actualTreatmentEffect1ColumnName$}. Include quotes at appropriate places.",
        "type": "dict mapping  intervention names with list of actual treatment name column names",
        "description": "optional list of actual treatment effects if available (full list or regex). This is useful when we work on benchmark datasets. Provide the column names as dictionary where key is from the interventions and value is a sub dictionary which maps outcome variable to the corresponding actual treatment effect column name. te_mu is computed from mu0 and mu1 for IHDP data"
  },
    
  "excludeColumns": {
  	"columnNames": [],
  	"description": "excludeColumns contains prefixes/regex of features/interventions/targets to be excluded."
  }
}